{
  "version": 1,
  "root": {
    "ref": "o:1",
    "type": "t:1"
  },
  "objects": {
    "o:1": {
      "barcode": "Ian.Saul",
      "title": "Saul",
      "description": "",
      "unlockable": false,
      "redacted": false,
      "author": "Ian",
      "version": "0.0.0",
      "sdkVersion": "0.3.4-1649",
      "internal": false,
      "crates": [
        {
          "ref": "o:2",
          "type": "t:2"
        },
        {
          "ref": "o:3",
          "type": "t:2"
        }
      ],
      "tags": [],
      "changelogs": [],
      "isa": {
        "type": "t:1"
      }
    },
    "o:2": {
      "barcode": "Ian.Saul.Avatar.Saul",
      "title": "Saul",
      "description": "",
      "unlockable": false,
      "redacted": false,
      "mainAsset": "d93985f9d35ce2b43bce86e10bf20747",
      "tags": [],
      "packedAssets": [
        {
          "title": "PreviewMesh",
          "guid": "dd5deac54115216498bc8d58adc10912"
        }
      ],
      "colliderBounds": {
        "center": {
          "x": 0.0,
          "y": 0.0,
          "z": 0.0
        },
        "extents": {
          "x": 0.0,
          "y": 0.0,
          "z": 0.0
        }
      },
      "isa": {
        "type": "t:2"
      }
    },
    "o:3": {
      "barcode": "Ian.Saul.Avatar.SaulNoAudio",
      "title": "Saul (No Audio)",
      "description": "",
      "unlockable": false,
      "redacted": false,
      "mainAsset": "472c3771431dc7547b34524b0037adbf",
      "tags": [],
      "packedAssets": [
        {
          "title": "PreviewMesh",
          "guid": "3d3c52e61640d5a4ea6c86444446ee84"
        }
      ],
      "colliderBounds": {
        "center": {
          "x": 0.0,
          "y": 0.0,
          "z": 0.0
        },
        "extents": {
          "x": 0.0,
          "y": 0.0,
          "z": 0.0
        }
      },
      "isa": {
        "type": "t:2"
      }
    }
  },
  "types": {
    "t:1": {
      "type": "t:1",
      "fullname": "SLZ.Marrow.Warehouse.Pallet, SLZ.Marrow.SDK, Version=0.0.0.0, Culture=neutral, PublicKeyToken=null"
    },
    "t:2": {
      "type": "t:2",
      "fullname": "SLZ.Marrow.Warehouse.AvatarCrate, SLZ.Marrow.SDK, Version=0.0.0.0, Culture=neutral, PublicKeyToken=null"
    }
  }
}